LOC_ID	FULL_STR	ADDR_NUM	used_SITE_ADDR	x_meters	y_meters
M_66926_917163	"OFF ROUTE 9"	0	0	66926	917163
M_67014_917299	"ROUTE 9"	5	0	67014	917299
M_67181_917260	"ROUTE 9"	35	0	67181	917260
M_67254_917106	"ROUTE 9"	0	0	67254	917106
M_67262_917703	"FLINTSTONE ROAD"	0	0	67262	917703
M_67270_918202	"FLINTSTONE ROAD"	0	0	67270	918202
M_67322_918427	"FLINTSTONE ROAD"	0	0	67322	918427
M_67396_916573	"BACK DALTON ROAD"	0	0	67396	916573
M_67510_918853	"FLINTSTONE ROAD"	0	0	67510	918853
M_67524_917295	"FLINTSTONE ROAD"	1819	0	67524	917295
M_67538_916977	"ROUTE 9"	176	0	67538	916977
M_67548_920123	"MONAHAN ROAD"	179	0	67548	920123
M_67562_919226	"FLINTSTONE ROAD"	1828	0	67562	919226
M_67589_919297	"FLINTSTONE ROAD"	1170	0	67589	919297
M_67596_920329	"MONAHAN ROAD"	0	0	67596	920329
M_67608_917622	"FLINTSTONE ROAD"	0	0	67608	917622
M_67623_920104	"MONAHAN ROAD"	151	0	67623	920104
M_67628_919443	"FLINTSTONE ROAD"	0	0	67628	919443
M_67654_919515	"FLINTSTONE ROAD"	0	0	67654	919515
M_67674_919589	"FLINTSTONE ROAD"	0	0	67674	919589
M_67697_919661	"FLINTSTONE ROAD"	0	0	67697	919661
M_67699_920083	"MONAHAN ROAD"	161	0	67699	920083
M_67716_919734	"FLINTSTONE ROAD"	1014	0	67716	919734
M_67736_919807	"FLINTSTONE ROAD"	1000	0	67736	919807
M_67747_917561	"ROUTE 9"	201	0	67747	917561
M_67755_919879	"FLINTSTONE ROAD"	0	0	67755	919879
M_67773_920065	"MONAHAN ROAD"	0	0	67773	920065
M_67791_917409	"ROUTE 9"	265	0	67791	917409
M_67794_920457	"MONAHAN ROAD"	0	0	67794	920457
M_67845_920046	"MONAHAN ROAD"	0	0	67845	920046
M_67870_920436	"MONAHAN ROAD"	102	0	67870	920436
M_67893_917417	"ROUTE 9"	301	0	67893	917417
M_67919_920027	"MONAHAN ROAD"	0	0	67919	920027
M_67934_918040	"ROUTE 9"	0	0	67934	918040
M_67946_920419	"MONAHAN ROAD"	82	0	67946	920419
M_67993_920006	"MONAHAN ROAD"	0	0	67993	920006
M_68024_920400	"MONAHAN ROAD"	48	0	68024	920400
M_68036_916904	"BACK DALTON ROAD"	0	0	68036	916904
M_68041_919918	"FLINTSTONE ROAD"	0	0	68041	919918
M_68076_920061	"MONAHAN ROAD"	35	0	68076	920061
M_68107_918018	"ROUTE 9"	531	0	68107	918018
M_68129_917565	"ROUTE 9"	381	0	68129	917565
M_68150_920375	"MONAHAN ROAD"	32	0	68150	920375
M_68152_918708	"OFF FLINTSTONE ROAD"	0	0	68152	918708
M_68157_922066	"OFF NORTH STREET"	0	0	68157	922066
M_68160_920020	"FLINTSTONE ROAD"	879	0	68160	920020
M_68216_919900	"FLINTSTONE ROAD"	0	0	68216	919900
M_68226_920012	"FLINTSTONE ROAD"	833	0	68226	920012
M_68237_920784	"OFF DRISCOLL ROAD"	0	0	68237	920784
M_68264_920336	"FLINTSTONE ROAD"	832	0	68264	920336
M_68266_919702	"FLINTSTONE ROAD"	0	0	68266	919702
M_68267_919428	"FLINTSTONE ROAD"	0	0	68267	919428
M_68301_919995	"FLINTSTONE ROAD"	801	0	68301	919995
M_68327_923251	"OFF NORTH STREET"	0	0	68327	923251
M_68388_920311	"FLINTSTONE ROAD"	788	0	68388	920311
M_68418_921519	"DRISCOLL ROAD"	160	0	68418	921519
M_68420_917616	"BACK DALTON ROAD"	0	0	68420	917616
M_68428_916695	"BACK DALTON ROAD"	0	0	68428	916695
M_68468_917323	"BACK DALTON ROAD"	0	0	68468	917323
M_68478_919989	"FLINTSTONE ROAD"	751	0	68478	919989
M_68480_922941	"NORTH STREET"	1581	0	68480	922941
M_68487_919886	"FLINTSTONE ROAD"	811	0	68487	919886
M_68529_920308	"FLINTSTONE ROAD"	0	0	68529	920308
M_68573_919605	"OFF FLINTSTONE ROAD"	0	0	68573	919605
M_68584_922581	"NORTH STREET"	1315	0	68584	922581
M_68604_920253	"FLINTSTONE ROAD"	750	0	68604	920253
M_68611_923145	"NORTH STREET"	1599	0	68611	923145
M_68615_923256	"NORTH STREET"	0	0	68615	923256
M_68617_918571	"ROUTE 9"	715	0	68617	918571
M_68633_923360	"NORTH STREET"	0	0	68633	923360
M_68650_917090	"PATTERSON ROAD"	0	0	68650	917090
M_68655_916240	"MAIN DALTON ROAD"	1300	0	68655	916240
M_68658_919778	"FLINTSTONE ROAD"	673	0	68658	919778
M_68697_916357	"MAIN DALTON ROAD"	1130	0	68697	916357
M_68699_920223	"FLINTSTONE ROAD"	710	0	68699	920223
M_68733_919619	"OFF FLINTSTONE ROAD"	0	0	68733	919619
M_68743_918185	"ROUTE 9"	686	0	68743	918185
M_68750_919002	"ROUTE 9"	841	0	68750	919002
M_68754_919799	"FLINTSTONE ROAD"	645	0	68754	919799
M_68757_921884	"DRISCOLL ROAD"	0	0	68757	921884
M_68776_920188	"FLINTSTONE ROAD"	692	0	68776	920188
M_68787_922995	"NORTH STREET"	1561	0	68787	922995
M_68789_920064	"FLINTSTONE ROAD"	670	0	68789	920064
M_68814_917346	"PATTERSON ROAD"	0	0	68814	917346
M_68818_918393	"ROUTE 9"	773	0	68818	918393
M_68819_920605	"OFF DRISCOLL ROAD"	0	0	68819	920605
M_68822_919995	"FLINTSTONE ROAD"	642	0	68822	919995
M_68858_919764	"FLINTSTONE ROAD"	593	0	68858	919764
M_68861_916397	"MAIN DALTON ROAD"	1128	0	68861	916397
M_68887_922705	"NORTH STREET"	1411	0	68887	922705
M_68901_919942	"FLINTSTONE ROAD"	594	0	68901	919942
M_68912_922873	"NORTH STREET"	1445	0	68912	922873
M_68922_916279	"MAIN DALTON ROAD"	0	0	68922	916279
M_68961_916185	"HINSDALE ROAD"	0	0	68961	916185
M_68966_919735	"FLINTSTONE ROAD"	0	0	68966	919735
M_68975_916834	"PATTERSON ROAD"	0	0	68975	916834
M_68993_918855	"ROUTE 9"	877	0	68993	918855
M_69008_919205	"ROUTE 9"	949	0	69008	919205
M_69008_922979	"NORTH STREET"	1523	0	69008	922979
M_69020_916368	"HINSDALE ROAD"	74	0	69020	916368
M_69029_918259	"BACK DALTON ROAD"	120	0	69029	918259
M_69046_922598	"NORTH STREET"	1407	0	69046	922598
M_69057_923233	"NORTH STREET"	1600	0	69057	923233
M_69077_921478	"DRISCOLL ROAD"	0	0	69077	921478
M_69080_919728	"FLINTSTONE ROAD"	539	0	69080	919728
M_69081_916331	"HINSDALE ROAD"	3	0	69081	916331
M_69113_916092	"HINSDALE ROAD"	152	0	69113	916092
M_69127_918875	"ROUTE 9"	899	0	69127	918875
M_69148_923187	"NORTH STREET"	0	0	69148	923187
M_69162_916388	"HINSDALE ROAD"	0	0	69162	916388
M_69167_918495	"ROUTE 9"	880	0	69167	918495
M_69174_917057	"PATTERSON ROAD"	65	0	69174	917057
M_69181_923124	"NORTH STREET"	0	0	69181	923124
M_69201_919741	"FLINTSTONE ROAD"	477	0	69201	919741
M_69208_923055	"NORTH STREET"	0	0	69208	923055
M_69213_916893	"PATTERSON ROAD"	25	0	69213	916893
M_69218_916595	"HINSDALE ROAD"	3	0	69218	916595
M_69234_921745	"NORTH STREET"	1095	0	69234	921745
M_69250_922909	"NORTH STREET"	1470	0	69250	922909
M_69251_916322	"HINSDALE ROAD"	113	0	69251	916322
M_69252_918663	"ROUTE 9"	933	0	69252	918663
M_69254_918548	"ROUTE 9"	908	0	69254	918548
M_69268_916477	"HINSDALE ROAD"	9	0	69268	916477
M_69286_923006	"NORTH STREET"	1496	0	69286	923006
M_69291_921411	"NORTH STREET"	971	0	69291	921411
M_69295_916822	"MAIN DALTON ROAD"	0	0	69295	916822
M_69295_922671	"NORTH STREET"	1396	0	69295	922671
M_69305_919425	"OFF ROUTE 9"	0	0	69305	919425
M_69308_922596	"NORTH STREET"	1368	0	69308	922596
M_69311_920070	"FLINTSTONE ROAD"	0	0	69311	920070
M_69321_922521	"NORTH STREET"	1340	0	69321	922521
M_69337_922070	"NORTH STREET"	0	0	69337	922070
M_69354_916576	"CRANE ROAD"	1203	0	69354	916576
M_69364_918613	"ROUTE 9"	954	0	69364	918613
M_69373_921834	"NORTH STREET"	1120	0	69373	921834
M_69375_921140	"NORTH STREET"	885	0	69375	921140
M_69380_916372	"HINSDALE ROAD"	0	0	69380	916372
M_69380_922339	"NORTH STREET"	0	0	69380	922339
M_69381_922174	"NORTH STREET"	0	0	69381	922174
M_69415_917850	"MAIN DALTON ROAD"	0	0	69415	917850
M_69446_918781	"ROUTE 9"	1015	0	69446	918781
M_69468_916709	"CRANE ROAD"	1184	0	69468	916709
M_69473_919006	"ROUTE 9"	0	0	69473	919006
M_69480_920603	"NORTH STREET"	0	0	69480	920603
M_69548_918749	"ROUTE 9"	1024	0	69548	918749
M_69555_919554	"FLINTSTONE ROAD"	453	0	69555	919554
M_69562_921299	"NORTH STREET"	915	0	69562	921299
M_69625_918806	"ROUTE 9"	0	0	69625	918806
M_69628_921029	"NORTH STREET"	845	0	69628	921029
M_69671_916620	"CRANE ROAD"	0	0	69671	916620
M_69707_923057	"OFF NORTH STREET"	0	0	69707	923057
M_69715_921607	"NORTH STREET"	0	0	69715	921607
M_69726_916137	"CRANE ROAD"	0	0	69726	916137
M_69730_918895	"ROUTE 9"	1100	0	69730	918895
M_69739_921047	"NORTH STREET"	825	0	69739	921047
M_69756_919094	"ROUTE 9"	1173	0	69756	919094
M_69757_921345	"NORTH STREET"	890	0	69757	921345
M_69758_920979	"NORTH STREET"	0	0	69758	920979
M_69768_919161	"ROUTE 9"	1177	0	69768	919161
M_69777_916465	"CRANE ROAD"	1060	0	69777	916465
M_69793_920929	"NORTH STREET"	775	0	69793	920929
M_69826_922759	"NORTH STREET"	0	0	69826	922759
M_69829_920880	"NORTH STREET"	755	0	69829	920880
M_69829_921252	"NORTH STREET"	858	0	69829	921252
M_69832_917694	"MAIN DALTON ROAD"	611	0	69832	917694
M_69840_923382	"OFF NORTH STREET"	0	0	69840	923382
M_69859_921078	"NORTH STREET"	806	0	69859	921078
M_69864_920829	"NORTH STREET"	733	0	69864	920829
M_69877_918514	"MAIN DALTON ROAD"	282	0	69877	918514
M_69887_918090	"MAIN DALTON ROAD"	277	0	69887	918090
M_69887_921142	"NORTH STREET"	828	0	69887	921142
M_69888_918703	"MAIN DALTON ROAD"	0	0	69888	918703
M_69901_919973	"FLINTSTONE ROAD"	254	0	69901	919973
M_69906_920779	"NORTH STREET"	715	0	69906	920779
M_69924_920999	"NORTH STREET"	776	0	69924	920999
M_69925_923799	"CHESHIRE ROAD"	1239	0	69925	923799
M_69945_920656	"NORTH STREET"	665	0	69945	920656
M_69965_919382	"FLINTSTONE ROAD"	0	0	69965	919382
M_69978_924122	"CHESHIRE ROAD"	0	0	69978	924122
M_69994_922307	"NORTH STREET"	0	0	69994	922307
M_70013_923801	"CHESHIRE ROAD"	1153	0	70013	923801
M_70068_920521	"NORTH STREET"	619	0	70068	920521
M_70114_918657	"MAIN DALTON ROAD"	198	0	70114	918657
M_70129_923873	"CHESHIRE ROAD"	1139	0	70129	923873
M_70131_920697	"NORTH STREET"	614	0	70131	920697
M_70134_920486	"NORTH STREET"	599	0	70134	920486
M_70138_919706	"FLINTSTONE ROAD"	0	0	70138	919706
M_70185_919976	"NORTH STREET"	0	0	70185	919976
M_70203_920386	"NORTH STREET"	557	0	70203	920386
M_70208_919522	"FLINTSTONE ROAD"	178	0	70208	919522
M_70239_923935	"CHESHIRE ROAD"	1061	0	70239	923935
M_70270_920539	"NORTH STREET"	576	0	70270	920539
M_70298_920250	"NORTH STREET"	505	0	70298	920250
M_70341_920433	"NORTH STREET"	540	0	70341	920433
M_70346_920164	"NORTH STREET"	463	0	70346	920164
M_70361_920265	"NORTH STREET"	487	0	70361	920265
M_70380_920383	"NORTH STREET"	0	0	70380	920383
M_70395_924140	"CHESHIRE ROAD"	0	0	70395	924140
M_70409_919950	"NORTH STREET"	379	0	70409	919950
M_70427_919760	"NORTH STREET"	341	0	70427	919760
M_70431_920121	"NORTH STREET"	435	0	70431	920121
M_70457_920268	"NORTH STREET"	472	0	70457	920268
M_70472_920045	"NORTH STREET"	403	0	70472	920045
M_70490_919524	"NORTH STREET"	301	0	70490	919524
M_70490_920216	"NORTH STREET"	456	0	70490	920216
M_70511_919896	"NORTH STREET"	359	0	70511	919896
M_70547_918831	"ROUTE 9"	0	0	70547	918831
M_70549_924128	"CHESHIRE ROAD"	980	0	70549	924128
M_70551_920119	"NORTH STREET"	420	0	70551	920119
M_70565_924031	"CHESHIRE ROAD"	952	0	70565	924031
M_70601_917015	"CRANE ROAD"	860	0	70601	917015
M_70627_923986	"CHESHIRE ROAD"	948	0	70627	923986
M_70636_920010	"NORTH STREET"	360	0	70636	920010
M_70641_923441	"CHESHIRE ROAD"	935	0	70641	923441
M_70659_919956	"NORTH STREET"	0	0	70659	919956
M_70711_919575	"NORTH STREET"	233	0	70711	919575
M_70741_919457	"NORTH STREET"	189	0	70741	919457
M_70748_919386	"NORTH STREET"	157	0	70748	919386
M_70756_919316	"NORTH STREET"	133	0	70756	919316
M_70827_919657	"NORTH STREET"	240	0	70827	919657
M_70858_920913	"SAVOY ROAD"	0	0	70858	920913
M_70922_919161	"NORTH STREET"	122	0	70922	919161
M_70929_919533	"NORTH STREET"	194	0	70929	919533
M_70935_919399	"NORTH STREET"	180	0	70935	919399
M_70958_918836	"ROUTE 9"	1522	0	70958	918836
M_70971_919831	"NORTH STREET"	0	0	70971	919831
M_70973_922160	"CHESHIRE ROAD"	0	0	70973	922160
M_70989_919634	"NORTH STREET"	222	0	70989	919634
M_71013_918849	"ROUTE 9"	1550	0	71013	918849
M_71020_924006	"CHESHIRE ROAD"	884	0	71020	924006
M_71061_918371	"CRANE ROAD"	134	0	71061	918371
M_71063_918869	"ROUTE 9"	1562	0	71063	918869
M_71078_923177	"CHESHIRE ROAD"	541	0	71078	923177
M_71126_919352	"ROUTE 9"	0	0	71126	919352
M_71179_918845	"ROUTE 9"	1610	0	71179	918845
M_71224_923748	"CHESHIRE ROAD"	0	0	71224	923748
M_71226_918922	"ROUTE 9"	1630	0	71226	918922
M_71232_918435	"CRANE ROAD"	0	0	71232	918435
M_71243_920010	"NORTH STREET"	0	0	71243	920010
M_71245_918224	"CRANE ROAD"	123	0	71245	918224
M_71276_922801	"CHESHIRE ROAD"	0	0	71276	922801
M_71287_919725	"OFF NORTH STREET"	0	0	71287	919725
M_71292_917636	"OFF CRANE ROAD"	0	0	71292	917636
M_71295_918824	"ROUTE 9"	1640	0	71295	918824
M_71327_918926	"ROUTE 9"	1650	0	71327	918926
M_71342_923059	"CHESHIRE ROAD"	501	0	71342	923059
M_71373_918160	"PERU ROAD"	260	0	71373	918160
M_71380_918641	"PERU ROAD"	200	0	71380	918641
M_71394_915591	"OFF NOBODY'S ROAD"	0	0	71394	915591
M_71412_918478	"PERU ROAD"	0	0	71412	918478
M_71441_918301	"CRANE ROAD"	25	0	71441	918301
M_71443_917023	"NOBODY'S ROAD"	0	0	71443	917023
M_71445_919012	"ROUTE 9"	1700	0	71445	919012
M_71502_918083	"PERU ROAD"	320	0	71502	918083
M_71511_922349	"CHESHIRE ROAD"	0	0	71511	922349
M_71550_919432	"SAVOY ROAD"	0	0	71550	919432
M_71552_922293	"CHESHIRE ROAD"	0	0	71552	922293
M_71556_919035	"ROUTE 9"	1760	0	71556	919035
M_71564_918505	"PERU ROAD"	220	0	71564	918505
M_71572_918887	"ROUTE 9"	1790	0	71572	918887
M_71602_922253	"CHESHIRE ROAD"	237	0	71602	922253
M_71621_917470	"PERU ROAD"	470	0	71621	917470
M_71633_917866	"PERU ROAD"	0	0	71633	917866
M_71633_917959	"PERU ROAD"	394	0	71633	917959
M_71652_922203	"CHESHIRE ROAD"	201	0	71652	922203
M_71667_917874	"PERU ROAD"	420	0	71667	917874
M_71677_918140	"PERU ROAD"	301	0	71677	918140
M_71689_917805	"PERU ROAD"	440	0	71689	917805
M_71689_918798	"PERU ROAD"	0	0	71689	918798
M_71719_922158	"CHESHIRE ROAD"	169	0	71719	922158
M_71742_922808	"CHESHIRE ROAD"	420	0	71742	922808
M_71758_918325	"PERU ROAD"	221	0	71758	918325
M_71760_918511	"PERU ROAD"	0	0	71760	918511
M_71762_919134	"ROUTE 9"	1825	0	71762	919134
M_71777_917683	"PERU ROAD"	500	0	71777	917683
M_71803_918016	"PERU ROAD"	0	0	71803	918016
M_71808_923562	"CHESHIRE ROAD"	0	0	71808	923562
M_71818_917265	"PERU ROAD"	0	0	71818	917265
M_71818_921478	"OLD SAVOY ROAD"	0	0	71818	921478
M_71819_918983	"ROUTE 9"	0	0	71819	918983
M_71834_921372	"OLD SAVOY ROAD"	0	0	71834	921372
M_71861_918513	"PERU ROAD"	151	0	71861	918513
M_71862_921583	"OLD SAVOY ROAD"	36	0	71862	921583
M_71881_919131	"SAVOY ROAD"	35	0	71881	919131
M_71893_919086	"ROUTE 9"	0	0	71893	919086
M_71896_922009	"CHESHIRE ROAD"	0	0	71896	922009
M_71899_917939	"PERU ROAD"	0	0	71899	917939
M_71902_917799	"PERU ROAD"	489	0	71902	917799
M_71949_917730	"PERU ROAD"	503	0	71949	917730
M_71953_918572	"PERU ROAD"	0	0	71953	918572
M_71957_921816	"CHESHIRE ROAD"	9	0	71957	921816
M_71959_921637	"OLD SAVOY ROAD"	2	0	71959	921637
M_71967_921117	"SAVOY ROAD"	711	0	71967	921117
M_71975_919281	"SAVOY ROAD"	50	0	71975	919281
M_71982_916744	"PERU ROAD"	0	0	71982	916744
M_71989_919537	"SAVOY ROAD"	0	0	71989	919537
M_71993_918679	"PERU ROAD"	0	0	71993	918679
M_72040_921404	"SAVOY ROAD"	0	0	72040	921404
M_72050_919056	"ROUTE 9"	1895	0	72050	919056
M_72074_922051	"SAVOY ROAD"	0	0	72074	922051
M_72112_918647	"PERU ROAD"	0	0	72112	918647
M_72119_919266	"HILL CEMETERY ROAD"	0	0	72119	919266
M_72130_918694	"PERU ROAD"	0	0	72130	918694
M_72139_922370	"SAVOY ROAD"	1155	0	72139	922370
M_72150_918740	"PERU ROAD"	0	0	72150	918740
M_72208_922648	"SAVOY ROAD"	1251	0	72208	922648
M_72228_922113	"SAVOY ROAD"	1071	0	72228	922113
M_72236_915680	"PERU ROAD"	0	0	72236	915680
M_72238_919072	"ROUTE 9"	1941	0	72238	919072
M_72242_918829	"ROUTE 9"	1890	0	72242	918829
M_72245_921691	"SAVOY ROAD"	0	0	72245	921691
M_72248_919195	"HILL CEMETERY ROAD"	0	0	72248	919195
M_72294_919003	"ROUTE 9"	1985	0	72294	919003
M_72314_919210	"HILL CEMETERY ROAD"	250	0	72314	919210
M_72326_916291	"NOBODY'S ROAD"	0	0	72326	916291
M_72332_921783	"BATES ROAD"	49	0	72332	921783
M_72391_918972	"ROUTE 9"	2025	0	72391	918972
M_72398_922901	"SAVOY ROAD"	1335	0	72398	922901
M_72459_919002	"ROUTE 9"	1955	0	72459	919002
M_72467_919401	"HILL CEMETERY ROAD"	100	0	72467	919401
M_72477_923282	"SAVOY ROAD"	1475	0	72477	923282
M_72520_918990	"ROUTE 9"	2051	0	72520	918990
M_72534_921391	"BATES ROAD"	0	0	72534	921391
M_72544_922264	"SAVOY ROAD"	0	0	72544	922264
M_72571_921076	"BATES ROAD"	0	0	72571	921076
M_72584_918974	"ROUTE 9"	2073	0	72584	918974
M_72587_918885	"ROUTE 9"	2081	0	72587	918885
M_72588_917663	"PERU ROAD"	535	0	72588	917663
M_72620_918885	"ROUTE 9"	2111	0	72620	918885
M_72627_918928	"ROUTE 9"	0	0	72627	918928
M_72634_921509	"BATES ROAD"	187	0	72634	921509
M_72636_916052	"PERU ROAD"	1146	0	72636	916052
M_72657_918875	"ROUTE 9"	2115	0	72657	918875
M_72662_922766	"SAVOY ROAD"	0	0	72662	922766
M_72663_918912	"ROUTE 9"	0	0	72663	918912
M_72666_921027	"BATES ROAD"	256	0	72666	921027
M_72668_921414	"BATES ROAD"	213	0	72668	921414
M_72669_918480	"ROUTE 9"	0	0	72669	918480
M_72688_918866	"ROUTE 9"	2127	0	72688	918866
M_72690_918976	"ROUTE 9"	0	0	72690	918976
M_72706_922815	"SAVOY ROAD"	0	0	72706	922815
M_72707_919193	"HILL CEMETERY ROAD"	140	0	72707	919193
M_72735_915862	"PERU ROAD"	0	0	72735	915862
M_72750_919127	"HILL CEMETERY ROAD"	110	0	72750	919127
M_72759_921161	"BATES ROAD"	274	0	72759	921161
M_72771_922870	"SAVOY ROAD"	0	0	72771	922870
M_72782_919015	"HILL CEMETERY ROAD"	95	0	72782	919015
M_72790_918928	"ROUTE 9"	0	0	72790	918928
M_72807_915517	"PERU ROAD"	0	0	72807	915517
M_72814_920940	"BATES ROAD"	318	0	72814	920940
M_72830_923299	"SAVOY ROAD"	1525	0	72830	923299
M_72838_918846	"ROUTE 9"	2171	0	72838	918846
M_72842_916711	"PERU ROAD"	0	0	72842	916711
M_72846_922516	"SAVOY ROAD"	0	0	72846	922516
M_72859_921596	"BATES ROAD"	251	0	72859	921596
M_72864_922915	"SAVOY ROAD"	0	0	72864	922915
M_72876_916966	"PERU ROAD"	0	0	72876	916966
M_72881_923386	"SAVOY ROAD"	1575	0	72881	923386
M_72882_922022	"BATES ROAD"	249	0	72882	922022
M_72892_918950	"HILL CEMETERY ROAD"	55	0	72892	918950
M_72897_916654	"PERU ROAD"	975	0	72897	916654
M_72912_918668	"HUME ROAD"	40	0	72912	918668
M_72923_915502	"PERU ROAD"	0	0	72923	915502
M_72939_919848	"OFF SAVOY HOLLOW RD."	0	0	72939	919848
M_72941_916576	"PERU ROAD"	985	0	72941	916576
M_72942_918516	"HUME ROAD"	70	0	72942	918516
M_72953_915288	"PERU ROAD"	1410	0	72953	915288
M_72953_921561	"BATES ROAD"	279	0	72953	921561
M_72963_916475	"PERU ROAD"	0	0	72963	916475
M_72966_918365	"HUME ROAD"	126	0	72966	918365
M_72969_918896	"ROUTE 9/SAVOY HOLLOW"	21	0	72969	918896
M_72979_917983	"HUME ROAD"	0	0	72979	917983
M_72980_918424	"HUME ROAD"	100	0	72980	918424
M_72981_916292	"PERU ROAD"	1075	0	72981	916292
M_72984_916380	"PERU ROAD"	1035	0	72984	916380
M_72986_916130	"PERU ROAD"	0	0	72986	916130
M_72989_915680	"PERU ROAD"	0	0	72989	915680
M_72990_919391	"HILL CEMETERY ROAD"	56	0	72990	919391
M_73008_915969	"PERU ROAD"	0	0	73008	915969
M_73015_922722	"SAVOY ROAD"	0	0	73015	922722
M_73022_918773	"ROUTE 9"	2241	0	73022	918773
M_73023_921523	"BATES ROAD"	321	0	73023	921523
M_73045_920859	"BATES ROAD"	390	0	73045	920859
M_73068_919054	"SAVOY HOLLOW ROAD"	93	0	73068	919054
M_73080_915796	"PERU ROAD"	0	0	73080	915796
M_73083_915224	"PERU ROAD"	0	0	73083	915224
M_73088_919225	"SAVOY HOLLOW ROAD"	163	0	73088	919225
M_73121_919293	"SAVOY HOLLOW ROAD"	0	0	73121	919293
M_73125_923122	"SAVOY ROAD"	0	0	73125	923122
M_73149_919365	"SAVOY HOLLOW ROAD"	201	0	73149	919365
M_73173_915194	"PERU ROAD"	0	0	73173	915194
M_73190_921435	"BATES ROAD"	0	0	73190	921435
M_73198_920090	"SAVOY HOLLOW ROAD"	0	0	73198	920090
M_73254_923459	"SAVOY ROAD"	0	0	73254	923459
M_73280_920558	"SAVOY HOLLOW ROAD"	597	0	73280	920558
M_73364_921210	"BATES ROAD"	461	0	73364	921210
M_73369_920727	"BATES ROAD"	0	0	73369	920727
M_73427_919204	"SHAW ROAD"	2040	0	73427	919204
M_73523_916494	"NOBODY'S ROAD"	0	0	73523	916494
M_73547_921348	"BATES ROAD"	505	0	73547	921348
M_73599_919726	"SAVOY HOLLOW ROAD"	0	0	73599	919726
M_73661_915501	"PERU ROAD"	0	0	73661	915501
M_73669_921224	"SAVOY HOLLOW ROAD"	0	0	73669	921224
M_73723_921794	"RT8 CHESHIRE ROAD"	0	0	73723	921794
M_73725_915183	"PERU ROAD"	1621	0	73725	915183
M_73840_915967	"EAST WINDSOR ROAD"	550	0	73840	915967
M_73856_922117	"SAVOY HOLLOW ROAD"	0	0	73856	922117
M_73874_917962	"ROUTE 9"	0	0	73874	917962
M_73925_922934	"SAVOY HOLLOW ROAD"	0	0	73925	922934
M_73947_923075	"SAVOY HOLLOW ROAD"	1575	0	73947	923075
M_74126_915114	"OFF PERU ROAD"	0	0	74126	915114
M_74135_916555	"NOBODY'S ROAD"	0	0	74135	916555
M_74137_917447	"EAST WINDSOR ROAD"	130	0	74137	917447
M_74197_923093	"SAVOY HOLLOW ROAD"	0	0	74197	923093
M_74211_923237	"SAVOY HOLLOW ROAD"	1643	0	74211	923237
M_74243_917553	"ROUTE 9"	0	0	74243	917553
M_74281_922813	"SAVOY HOLLOW ROAD"	1515	0	74281	922813
M_74335_919066	"SHAW ROAD"	0	0	74335	919066
M_74419_916397	"EAST WINDSOR ROAD"	0	0	74419	916397
M_74443_916501	"EAST WINDSOR ROAD"	0	0	74443	916501
M_74458_917978	NOTCHVIEW	83	0	74458	917978
M_74492_916164	"EAST WINDSOR ROAD"	604	0	74492	916164
M_74531_916683	"EAST WINDSOR ROAD"	444	0	74531	916683
M_74535_923139	"SAVOY HOLLOW ROAD"	0	0	74535	923139
M_74601_915847	"EAST WINDSOR ROAD"	0	0	74601	915847
M_74604_916036	"EAST WINDSOR ROAD"	0	0	74604	916036
M_74645_916402	"EAST WINDSOR ROAD"	0	0	74645	916402
M_74677_915190	"OFF EAST WINDSOR RD."	0	0	74677	915190
M_74692_922728	"SAVOY HOLLOW ROAD"	1516	0	74692	922728
M_74692_922892	"SAVOY HOLLOW ROAD"	1578	0	74692	922892
M_74737_916309	"EAST WINDSOR ROAD"	0	0	74737	916309
M_74794_916062	"EAST WINDSOR ROAD"	0	0	74794	916062
M_74821_916835	"EAST WINDSOR ROAD"	353	0	74821	916835
M_74831_916255	"EAST WINDSOR ROAD"	0	0	74831	916255
M_74853_916123	"EAST WINDSOR ROAD"	0	0	74853	916123
M_74873_915855	"EAST WINDSOR ROAD"	750	0	74873	915855
M_74896_916483	"EAST WINDSOR ROAD"	0	0	74896	916483
M_74911_915786	"EAST WINDSOR ROAD"	0	0	74911	915786
M_74920_916554	"EAST WINDSOR ROAD"	429	0	74920	916554
M_74946_915716	"EAST WINDSOR ROAD"	0	0	74946	915716
M_74950_916163	"EAST WINDSOR ROAD"	0	0	74950	916163
M_74997_920454	"RIVER ROAD"	0	0	74997	920454
M_75015_916906	"OLD ROUTE 9"	0	0	75015	916906
M_75017_915644	"EAST WINDSOR ROAD"	834	0	75017	915644
M_75034_916122	"EAST WINDSOR ROAD"	0	0	75034	916122
M_75080_915352	"EAST WINDSOR ROAD"	924	0	75080	915352
M_75089_921482	"OFF SAVOY HOLLOW"	0	0	75089	921482
M_75126_917158	"OLD ROUTE 9"	0	0	75126	917158
M_75212_922112	"RIVER ROAD"	2065	0	75212	922112
M_75213_922668	"RIVER ROAD"	0	0	75213	922668
M_75233_917038	"OLD ROUTE 9"	0	0	75233	917038
M_75279_915578	"EAST WINDSOR ROAD"	0	0	75279	915578
M_75315_921853	"RIVER ROAD"	2035	0	75315	921853
M_75326_917608	"ROUTE 9"	0	0	75326	917608
M_75336_914774	"OFF EAST WINDOSR RD."	0	0	75336	914774
M_75372_915972	"EAST WINDSOR ROAD"	0	0	75372	915972
M_75439_914607	"OFF EAST WINDOSR RD."	0	0	75439	914607
M_75473_921390	"RIVER ROAD"	0	0	75473	921390
M_75483_916704	"EAST WINDSOR ROAD"	975	0	75483	916704
M_75565_915190	"EAST WINDSOR ROAD"	0	0	75565	915190
M_75594_914867	"OFF EAST WINDSOR RD."	0	0	75594	914867
M_75597_918292	"SHAW ROAD"	1149	0	75597	918292
M_75607_921814	"RIVER ROAD"	2030	0	75607	921814
M_75693_918196	"SHAW ROAD"	0	0	75693	918196
M_75779_917355	"ROUTE 9"	0	0	75779	917355
M_75802_915770	"EAST WINDSOR ROAD"	0	0	75802	915770
M_75808_918131	"SHAW ROAD"	0	0	75808	918131
M_75888_917448	"ROUTE 9"	0	0	75888	917448
M_75892_916691	"OLD ROUTE 9"	0	0	75892	916691
M_75895_917341	"ROUTE 9"	0	0	75895	917341
M_75910_918369	"SHAW ROAD"	0	0	75910	918369
M_75987_917801	"SHAW ROAD"	991	0	75987	917801
M_76003_917147	"ROUTE 9"	0	0	76003	917147
M_76010_916416	"OLD ROUTE 9"	0	0	76010	916416
M_76039_914814	"EAST WINDSOR ROAD"	1256	0	76039	914814
M_76063_917395	"ROUTE 9"	0	0	76063	917395
M_76070_918294	"SHAW ROAD"	1044	0	76070	918294
M_76141_916855	"OLD ROUTE 9"	0	0	76141	916855
M_76181_916360	"OLD ROUTE 9"	1220	0	76181	916360
M_76181_917865	"SHAW ROAD"	915	0	76181	917865
M_76197_920070	"RIVER ROAD"	0	0	76197	920070
M_76219_916755	"OLD ROUTE 9"	0	0	76219	916755
M_76219_918558	"SHAW ROAD"	994	0	76219	918558
M_76230_915650	"EAST WINDSOR ROAD"	1195	0	76230	915650
M_76248_916723	"OLD ROUTE 9"	1205	0	76248	916723
M_76251_917524	"HIGH STREET HILL"	0	0	76251	917524
M_76255_917795	"SHAW ROAD"	0	0	76255	917795
M_76258_918132	"SHAW ROAD"	950	0	76258	918132
M_76278_917839	"SHAW ROAD"	0	0	76278	917839
M_76283_917308	"ROUTE 9"	0	0	76283	917308
M_76288_914370	"PIERCE ROAD"	341	0	76288	914370
M_76297_917984	"SHAW ROAD"	898	0	76297	917984
M_76318_921461	"RIVER ROAD"	0	0	76318	921461
M_76332_917789	"SHAW ROAD"	0	0	76332	917789
M_76334_916662	"OLD ROUTE 9"	1269	0	76334	916662
M_76341_917698	"HIGH STREET HILL"	915	0	76341	917698
M_76347_917440	"HIGH STREET HILL"	829	0	76347	917440
M_76353_917382	"HIGH STREET HILL"	801	0	76353	917382
M_76359_918017	"SHAW ROAD"	870	0	76359	918017
M_76363_916328	"OLD ROUTE 9"	0	0	76363	916328
M_76374_916129	"OFF OLD ROUTE 9"	0	0	76374	916129
M_76379_916435	"OFF OLD ROUTE 9"	0	0	76379	916435
M_76383_914378	"PIERCE ROAD"	0	0	76383	914378
M_76406_916839	"HIGH STREET HILL"	661	0	76406	916839
M_76406_917823	"SHAW ROAD"	826	0	76406	917823
M_76454_918087	"HIGH STREET HILL"	1005	0	76454	918087
M_76458_918382	"HIGH STREET HILL"	0	0	76458	918382
M_76462_916564	"OLD ROUTE 9"	1273	0	76462	916564
M_76473_916419	"OLD ROUTE 9"	1288	0	76473	916419
M_76477_914360	"PIERCE ROAD"	0	0	76477	914360
M_76479_922637	"WINDSOR BUSH ROAD"	0	0	76479	922637
M_76503_917780	"SHAW ROAD"	790	0	76503	917780
M_76514_917493	"HIGH STREET HILL"	832	0	76514	917493
M_76514_917615	"HIGH STREET HILL"	0	0	76514	917615
M_76527_917915	"HIGH STREET HILL"	978	0	76527	917915
M_76555_922584	"WINDSOR BUSH ROAD"	1555	0	76555	922584
M_76556_918573	"HIGH STREET HILL"	1165	0	76556	918573
M_76563_915170	"EAST WINDSOR ROAD"	1387	0	76563	915170
M_76570_914343	"PIERCE ROAD"	0	0	76570	914343
M_76582_917195	"HIGH STREET HILL"	756	0	76582	917195
M_76582_919265	"LAFLASH ROAD"	254	0	76582	919265
M_76590_917252	"HIGH STREET HILL"	772	0	76590	917252
M_76595_914769	"EAST WINDSOR ROAD"	0	0	76595	914769
M_76595_916515	"OLD ROUTE 9"	1341	0	76595	916515
M_76597_916433	"OLD ROUTE 9"	1350	0	76597	916433
M_76597_917071	"HIGH STREET HILL"	716	0	76597	917071
M_76602_917380	"HIGH STREET HILL"	812	0	76602	917380
M_76605_916355	"HIGH STREET HILL"	449	0	76605	916355
M_76608_916123	"HIGH STREET HILL"	345	0	76608	916123
M_76608_916282	"HIGH STREET HILL"	0	0	76608	916282
M_76613_917725	"SHAW ROAD"	0	0	76613	917725
M_76619_917127	"HIGH STREET HILL"	0	0	76619	917127
M_76634_917496	"SHAW ROAD"	715	0	76634	917496
M_76635_916760	"ROUTE 9"	0	0	76635	916760
M_76638_922698	"WINDSOR BUSH ROAD"	0	0	76638	922698
M_76650_914346	"PIERCE ROAD"	0	0	76650	914346
M_76652_922518	"WINDSOR BUSH ROAD"	0	0	76652	922518
M_76653_915354	"HIGH STREET HILL"	125	0	76653	915354
M_76653_915593	"HIGH STREET HILL"	0	0	76653	915593
M_76654_915295	"HIGH STREET HILL"	105	0	76654	915295
M_76654_916578	"HIGH STREET HILL"	522	0	76654	916578
M_76655_915412	"HIGH STREET HILL"	135	0	76655	915412
M_76655_915711	"HIGH STREET HILL"	235	0	76655	915711
M_76656_915471	"HIGH STREET HILL"	0	0	76656	915471
M_76656_915531	"HIGH STREET HILL"	155	0	76656	915531
M_76656_915652	"HIGH STREET HILL"	215	0	76656	915652
M_76657_915772	"HIGH STREET HILL"	255	0	76657	915772
M_76657_917930	"HIGH STREET HILL"	1016	0	76657	917930
M_76660_915831	"HIGH STREET HILL"	0	0	76660	915831
M_76663_915920	"HIGH STREET HILL"	309	0	76663	915920
M_76674_915230	"HIGH STREET HILL"	85	0	76674	915230
M_76681_916485	"OLD ROUTE 9"	1373	0	76681	916485
M_76696_916993	"ROUTE 9"	3623	0	76696	916993
M_76725_914362	"PIERCE ROAD"	0	0	76725	914362
M_76726_916914	"ROUTE 9"	0	0	76726	916914
M_76727_916395	"OLD ROUTE 9"	1384	0	76727	916395
M_76730_917464	"SHAW ROAD"	687	0	76730	917464
M_76747_916289	"OLD ROUTE 9"	1410	0	76747	916289
M_76758_922621	"WINDSOR BUSH ROAD"	0	0	76758	922621
M_76762_915135	"EAST WINDSOR ROAD"	0	0	76762	915135
M_76772_916075	"HIGH STREET HILL"	376	0	76772	916075
M_76775_918952	"HIGH STREET HILL"	0	0	76775	918952
M_76781_917626	"SHAW ROAD"	712	0	76781	917626
M_76782_917299	"SHAW ROAD"	0	0	76782	917299
M_76792_916743	"ROUTE 9"	0	0	76792	916743
M_76794_918572	"HIGH STREET HILL"	0	0	76794	918572
M_76809_914380	"PIERCE ROAD"	0	0	76809	914380
M_76823_916293	"OLD ROUTE 9"	1430	0	76823	916293
M_76838_918071	"HIGH STREET HILL"	1060	0	76838	918071
M_76846_915122	"HIGH STREET HILL"	0	0	76846	915122
M_76850_915929	"HIGH STREET HILL"	300	0	76850	915929
M_76850_917208	"SHAW ROAD"	613	0	76850	917208
M_76856_920601	"WINDIGO ROAD"	0	0	76856	920601
M_76867_918465	"HIGH STREET HILL"	0	0	76867	918465
M_76880_916136	"OLD ROUTE 9"	0	0	76880	916136
M_76884_922276	"WINDSOR BUSH ROAD"	1467	0	76884	922276
M_76890_918329	"HIGH STREET HILL"	0	0	76890	918329
M_76899_922561	"WINDSOR BUSH ROAD"	0	0	76899	922561
M_76910_917588	"SHAW ROAD"	652	0	76910	917588
M_76913_915799	"HIGH STREET HILL"	0	0	76913	915799
M_76920_914985	"EAST WINDSOR ROAD"	1495	0	76920	914985
M_76935_915694	"HIGH STREET HILL"	0	0	76935	915694
M_76953_916759	"ROUTE 9"	3759	0	76953	916759
M_76957_915626	"HIGH STREET HILL"	0	0	76957	915626
M_76968_917039	"SHAW ROAD"	585	0	76968	917039
M_76977_915558	"HIGH STREET HILL"	186	0	76977	915558
M_76987_915052	"HIGH STREET HILL"	40	0	76987	915052
M_76999_915490	"HIGH STREET HILL"	162	0	76999	915490
M_77007_922485	"WINDSOR BUSH ROAD"	1426	0	77007	922485
M_77013_914503	"PIERCE ROAD"	40	0	77013	914503
M_77018_915423	"HIGH STREET HILL"	130	0	77018	915423
M_77020_914935	"EAST WINDSOR ROAD"	1533	0	77020	914935
M_77021_915968	"OLD ROUTE 9"	0	0	77021	915968
M_77024_915184	"HIGH STREET HILL"	0	0	77024	915184
M_77031_914661	"EAST WINDSOR ROAD"	1540	0	77031	914661
M_77053_915348	"HIGH STREET HILL"	0	0	77053	915348
M_77065_917439	"SHAW ROAD"	0	0	77065	917439
M_77089_918766	"LAFLASH ROAD"	44	0	77089	918766
M_77093_915254	"HIGH STREET HILL"	110	0	77093	915254
M_77099_916957	"SHAW ROAD"	0	0	77099	916957
M_77106_919653	"WINDIGO ROAD"	0	0	77106	919653
M_77119_915857	"OLD ROUTE 9"	0	0	77119	915857
M_77132_914314	"PIERCE ROAD"	71	0	77132	914314
M_77136_919584	"WINDIGO ROAD"	105	0	77136	919584
M_77148_918379	"HIGH STREET HILL"	0	0	77148	918379
M_77159_916177	"ROUTE 9"	0	0	77159	916177
M_77165_916908	"SHAW ROAD"	465	0	77165	916908
M_77176_915733	"OLD ROUTE 9"	0	0	77176	915733
M_77179_919500	"WINDIGO ROAD"	0	0	77179	919500
M_77180_915007	"EAST WINDSOR ROAD"	0	0	77180	915007
M_77197_919402	"WINDIGO ROAD"	11	0	77197	919402
M_77214_914685	"EAST WINDSOR ROAD"	1629	0	77214	914685
M_77214_915639	"OLD ROUTE 9"	0	0	77214	915639
M_77229_914644	"EAST WINDSOR ROAD"	1643	0	77229	914644
M_77229_919883	"WINDIGO ROAD"	200	0	77229	919883
M_77234_916856	"SHAW ROAD"	0	0	77234	916856
M_77247_918866	"HIGH STREET HILL"	0	0	77247	918866
M_77248_922436	"WINDSOR BUSH ROAD"	0	0	77248	922436
M_77277_918953	"HIGH STREET HILL"	0	0	77277	918953
M_77279_916287	"ROUTE 9"	3931	0	77279	916287
M_77284_914570	"EAST WINDSOR ROAD"	1689	0	77284	914570
M_77299_917690	"SHAW ROAD"	0	0	77299	917690
M_77306_915508	"OLD ROUTE 9"	0	0	77306	915508
M_77307_916805	"SHAW ROAD"	0	0	77307	916805
M_77319_919313	"RIVER ROAD"	901	0	77319	919313
M_77320_919726	"WINDIGO ROAD"	140	0	77320	919726
M_77330_914921	"EAST WINDSOR ROAD"	0	0	77330	914921
M_77337_914669	"EAST WINDSOR ROAD"	1725	0	77337	914669
M_77349_916692	"SHAW ROAD"	331	0	77349	916692
M_77365_915601	"OLD ROUTE 9"	1718	0	77365	915601
M_77385_916749	"SHAW ROAD"	367	0	77385	916749
M_77397_919636	"WINDIGO ROAD"	110	0	77397	919636
M_77399_917317	"SHAW ROAD"	520	0	77399	917317
M_77402_914135	"EAST WINDSOR ROAD"	1742	0	77402	914135
M_77407_918261	"RIVER ROAD"	0	0	77407	918261
M_77412_919563	"WINDIGO ROAD"	90	0	77412	919563
M_77414_914713	"EAST WINDSOR ROAD"	1753	0	77414	914713
M_77425_916605	"SHAW ROAD"	313	0	77425	916605
M_77434_916973	"SHAW ROAD"	0	0	77434	916973
M_77437_914259	"EAST WINDSOR ROAD"	1740	0	77437	914259
M_77450_915316	"OLD ROUTE 9"	0	0	77450	915316
M_77454_922317	"WINDSOR BUSH ROAD"	12	0	77454	922317
M_77456_916321	"ROUTE 9"	0	0	77456	916321
M_77462_916527	"SHAW ROAD"	0	0	77462	916527
M_77462_918143	"RIVER ROAD"	501	0	77462	918143
M_77462_922124	"WINDSOR BUSH ROAD"	1350	0	77462	922124
M_77465_921023	"WINDSOR BUSH ROAD"	943	0	77465	921023
M_77480_914768	"EAST WINDSOR ROAD"	1785	0	77480	914768
M_77481_915599	"OLD ROUTE 9"	1765	0	77481	915599
M_77507_918831	"RIVER ROAD"	696	0	77507	918831
M_77522_919467	"WINDIGO ROAD"	0	0	77522	919467
M_77523_916829	"SHAW ROAD"	330	0	77523	916829
M_77524_919979	"SCHOOLHOUSE ROAD"	341	0	77524	919979
M_77536_914342	"WORTHINGTON ROAD"	552	0	77536	914342
M_77540_916476	"SHAW ROAD"	253	0	77540	916476
M_77541_916596	"SHAW ROAD"	0	0	77541	916596
M_77545_919074	"RIVER ROAD"	840	0	77545	919074
M_77554_918064	"RIVER ROAD"	471	0	77554	918064
M_77559_914894	"WORTHINGTON ROAD"	344	0	77559	914894
M_77565_918343	"RIVER ROAD"	0	0	77565	918343
M_77566_920879	"WINDSOR BUSH ROAD"	919	0	77566	920879
M_77579_921147	"WINDSOR BUSH ROAD"	968	0	77579	921147
M_77580_916940	"SHAW ROAD"	312	0	77580	916940
M_77587_921081	"WINDSOR BUSH ROAD"	930	0	77587	921081
M_77598_914115	"WORTHINGTON ROAD"	0	0	77598	914115
M_77634_919856	"SCHOOLHOUSE ROAD"	341	0	77634	919856
M_77636_915867	"ROUTE 9"	0	0	77636	915867
M_77650_919274	"WINDIGO ROAD"	0	0	77650	919274
M_77651_914871	"WORTHINGTON ROAD"	0	0	77651	914871
M_77651_915419	"OLD ROUTE 9"	1826	0	77651	915419
M_77652_915141	"WORTHINGTON ROAD"	250	0	77652	915141
M_77652_916318	"SHAW ROAD"	0	0	77652	916318
M_77655_916474	"SHAW ROAD"	0	0	77655	916474
M_77657_917861	"RIVER ROAD"	399	0	77657	917861
M_77658_914526	"WORTHINGTON ROAD"	0	0	77658	914526
M_77666_916900	"SHAW ROAD"	276	0	77666	916900
M_77672_915483	"OLD ROUTE 9"	1775	0	77672	915483
M_77674_921123	"WINDSOR BUSH ROAD"	0	0	77674	921123
M_77675_916380	"SHAW ROAD"	125	0	77675	916380
M_77678_916132	"SHAW ROAD"	0	0	77678	916132
M_77680_921718	"OFF WINDSOR BUSH RD."	0	0	77680	921718
M_77681_920541	"WINDSOR JAMS ROAD"	0	0	77681	920541
M_77687_920256	"SCHOOLHOUSE ROAD"	366	0	77687	920256
M_77688_919749	"SCHOOLHOUSE ROAD"	287	0	77688	919749
M_77689_916698	"SHAW ROAD"	240	0	77689	916698
M_77705_915428	"OLD ROUTE 9"	1853	0	77705	915428
M_77710_915349	"OLD ROUTE 9"	1866	0	77710	915349
M_77711_916258	"SHAW ROAD"	85	0	77711	916258
M_77718_913990	"WORTHINGTON ROAD"	0	0	77718	913990
M_77720_921426	"WINDSOR BUSH ROAD"	1008	0	77720	921426
M_77727_917759	"RIVER ROAD"	0	0	77727	917759
M_77731_920826	"WINDSOR BUSH ROAD"	859	0	77731	920826
M_77733_915388	"OLD ROUTE 9"	0	0	77733	915388
M_77741_921106	"WINDSOR BUSH ROAD"	0	0	77741	921106
M_77745_914657	"STEARNS ROAD"	11	0	77745	914657
M_77755_914435	"WORTHINGTON ROAD"	0	0	77755	914435
M_77755_919667	"SCHOOLHOUSE ROAD"	0	0	77755	919667
M_77758_916474	"SHAW ROAD"	199	0	77758	916474
M_77760_915627	"WORTHINGTON ROAD"	148	0	77760	915627
M_77764_914215	"WORTHINGTON ROAD"	565	0	77764	914215
M_77771_916421	"SHAW ROAD"	0	0	77771	916421
M_77781_917237	"RIVER ROAD"	0	0	77781	917237
M_77786_916869	"SHAW ROAD"	0	0	77786	916869
M_77790_917521	"RIVER ROAD"	175	0	77790	917521
M_77791_917625	"RIVER ROAD"	0	0	77791	917625
M_77796_919565	"SCHOOLHOUSE ROAD"	0	0	77796	919565
M_77809_915409	"WORTHINGTON ROAD"	158	0	77809	915409
M_77826_914949	"OLD ROUTE 9"	1975	0	77826	914949
M_77826_920797	"WINDSOR BUSH ROAD"	835	0	77826	920797
M_77838_916081	"SHAW ROAD"	34	0	77838	916081
M_77844_915179	"OLD ROUTE 9"	1936	0	77844	915179
M_77847_916614	"SHAW ROAD"	0	0	77847	916614
M_77852_919469	"SCHOOLHOUSE ROAD"	0	0	77852	919469
M_77864_921123	"WINDSOR BUSH ROAD"	0	0	77864	921123
M_77878_915165	"OLD ROUTE 9"	1946	0	77878	915165
M_77906_915155	"OLD ROUTE 9"	1952	0	77906	915155
M_77914_920770	"WINDSOR BUSH ROAD"	0	0	77914	920770
M_77924_915195	"OLD ROUTE 9"	1957	0	77924	915195
M_77930_917759	"RIVER ROAD"	0	0	77930	917759
M_77934_915634	"WORTHINGTON ROAD"	37	0	77934	915634
M_77942_915490	"WORTHINGTON ROAD"	0	0	77942	915490
M_77942_920002	"SCHOOLHOUSE ROAD"	0	0	77942	920002
M_77943_915292	"WORTHINGTON ROAD"	183	0	77943	915292
M_77945_916299	"SHAW ROAD"	0	0	77945	916299
M_77949_922063	"ACCESS ROAD # 1B"	0	0	77949	922063
M_77950_915180	"OLD ROUTE 9"	1963	0	77950	915180
M_77950_915424	"WORTHINGTON ROAD"	0	0	77950	915424
M_77952_920924	"WINDSOR BUSH ROAD"	800	0	77952	920924
M_77957_920632	"WINDSOR BUSH ROAD"	663	0	77957	920632
M_77963_917388	"RIVER ROAD"	0	0	77963	917388
M_77981_915934	"ROUTE 9"	0	0	77981	915934
M_77998_915385	"OFF WORTHINGTON ROAD"	0	0	77998	915385
M_78010_920574	"WINDSOR BUSH ROAD"	0	0	78010	920574
M_78026_921671	"ACCESS ROAD # 3"	97	0	78026	921671
M_78040_920495	"PLAINFIELD ROAD"	0	0	78040	920495
M_78041_916648	"TIRRELL HILL ROAD"	105	0	78041	916648
M_78059_921716	"ACCESS ROAD # 3"	98	0	78059	921716
M_78060_921649	"ACCESS ROAD # 3"	95	0	78060	921649
M_78064_918666	"WINDSOR BUSH ROAD"	95	0	78064	918666
M_78078_921704	"ACCESS ROAD # 3"	96	0	78078	921704
M_78086_920718	"WINDSOR BUSH ROAD"	780	0	78086	920718
M_78087_921623	"ACCESS ROAD # 3"	93	0	78087	921623
M_78100_916964	"RIVER ROAD"	0	0	78100	916964
M_78101_919121	"WINDSOR BUSH ROAD"	205	0	78101	919121
M_78103_917327	"RIVER ROAD"	0	0	78103	917327
M_78105_921688	"ACCESS ROAD # 3"	94	0	78105	921688
M_78108_921603	"ACCESS ROAD # 3"	0	0	78108	921603
M_78116_919406	"SCHOOLHOUSE ROAD"	0	0	78116	919406
M_78126_916277	"TIRRELL HILL ROAD"	106	0	78126	916277
M_78130_921591	"ACCESS ROAD # 3"	0	0	78130	921591
M_78130_921679	"ACCESS ROAD # 3"	92	0	78130	921679
M_78156_921577	"ACCESS ROAD # 3"	0	0	78156	921577
M_78159_921669	"ACCESS ROAD # 3"	91	0	78159	921669
M_78167_921944	"ACCESS ROAD # 1"	1	0	78167	921944
M_78168_921231	"PLAINFIELD ROAD"	0	0	78168	921231
M_78174_919665	"WINDSOR BUSH ROAD"	0	0	78174	919665
M_78179_921563	"ACCESS ROAD # 3"	89	0	78179	921563
M_78179_922005	"ACCESS ROAD # 1"	2	0	78179	922005
M_78191_921653	"ACCESS ROAD # 3"	90	0	78191	921653
M_78204_916425	"TIRRELL HILL ROAD"	0	0	78204	916425
M_78215_916694	"TIRRELL HILL ROAD"	0	0	78215	916694
M_78215_921551	"ACCESS ROAD # 3"	0	0	78215	921551
M_78216_921636	"ACCESS ROAD # 3"	88	0	78216	921636
M_78218_921937	"ACCESS ROAD # 1B"	0	0	78218	921937
M_78226_921964	"ACCESS ROAD # 1B"	0	0	78226	921964
M_78230_918175	"OFF WINDSOR BUSH RD."	0	0	78230	918175
M_78232_921993	"ACCESS ROAD # 1B"	0	0	78232	921993
M_78237_922155	"ACCESS ROAD # 1B"	0	0	78237	922155
M_78239_922032	"ACCESS ROAD # 1B"	0	0	78239	922032
M_78247_917857	"OFF RIVER ROAD"	0	0	78247	917857
M_78251_921605	"ACCESS ROAD # 3"	87	0	78251	921605
M_78272_922190	"ACCESS ROAD # 1B"	0	0	78272	922190
M_78279_921950	"ACCESS ROAD # 1B"	0	0	78279	921950
M_78285_921090	"PLAINFIELD ROAD"	0	0	78285	921090
M_78285_921519	"ACCESS ROAD # 3"	0	0	78285	921519
M_78285_921593	"ACCESS ROAD # 3"	86	0	78285	921593
M_78306_921949	"ACCESS ROAD # 1"	3	0	78306	921949
M_78308_922017	"ACCESS ROAD # 1"	4	0	78308	922017
M_78313_921582	"ACCESS ROAD # 3"	85	0	78313	921582
M_78325_919482	"WINDSOR BUSH ROAD"	285	0	78325	919482
M_78325_921505	"ACCESS ROAD # 3"	0	0	78325	921505
M_78335_921953	"ACCESS ROAD # 1"	5	0	78335	921953
M_78347_920921	"PLAINFIELD ROAD"	0	0	78347	920921
M_78360_922006	"ACCESS ROAD # 1"	6	0	78360	922006
M_78364_922182	"ACCESS ROAD # 1"	0	0	78364	922182
M_78372_922066	"ACCESS ROAD # 1"	7	0	78372	922066
M_78375_921488	"ACCESS ROAD # 3"	0	0	78375	921488
M_78377_921576	"ACCESS ROAD # 3"	84	0	78377	921576
M_78381_921972	"ACCESS ROAD # 1"	0	0	78381	921972
M_78385_922127	"ACCESS ROAD # 1"	8	0	78385	922127
M_78411_921548	"ACCESS ROAD # 3"	83	0	78411	921548
M_78427_921991	"ACCESS ROAD # 1"	9	0	78427	921991
M_78440_918949	"WINDSOR BUSH ROAD"	143	0	78440	918949
M_78440_922052	"ACCESS ROAD # 1A"	0	0	78440	922052
M_78451_921563	"ACCESS ROAD # 3"	0	0	78451	921563
M_78452_921515	"ACCESS ROAD # 3"	82	0	78452	921515
M_78463_922171	"ACCESS ROAD # 1"	0	0	78463	922171
M_78464_921544	"ACCESS ROAD # 3"	81	0	78464	921544
M_78465_922004	"ACCESS ROAD # 2"	10	0	78465	922004
M_78490_921995	"ACCESS ROAD # 2"	11	0	78490	921995
M_78497_921502	"ACCESS ROAD # 3"	0	0	78497	921502
M_78501_921537	"ACCESS ROAD # 3"	79	0	78501	921537
M_78518_922000	"ACCESS ROAD # 2"	0	0	78518	922000
M_78536_921543	"ACCESS ROAD # 3"	78	0	78536	921543
M_78538_922018	"ACCESS ROAD # 2"	12	0	78538	922018
M_78550_921962	"ACCESS ROAD # 2"	0	0	78550	921962
M_78562_922010	"ACCESS ROAD # 2"	13	0	78562	922010
M_78564_921512	"ACCESS ROAD # 3"	80	0	78564	921512
M_78565_921960	"ACCESS ROAD # 2"	0	0	78565	921960
M_78569_921550	"ACCESS ROAD # 3"	77	0	78569	921550
M_78571_918435	"WINDSOR BUSH ROAD"	7	0	78571	918435
M_78593_921557	"ACCESS ROAD # 3"	76	0	78593	921557
M_78594_919406	"WINDSOR BUSH ROAD"	0	0	78594	919406
M_78595_919041	"WINDSOR BUSH ROAD"	154	0	78595	919041
M_78598_918800	"WINDSOR BUSH ROAD"	0	0	78598	918800
M_78611_920001	"WINDSOR BUSH ROAD"	0	0	78611	920001
M_78614_918899	"WINDSOR BUSH ROAD"	104	0	78614	918899
M_78620_922009	"ACCESS ROAD # 2"	14	0	78620	922009
M_78622_921566	"ACCESS ROAD # 3"	75	0	78622	921566
M_78639_921532	"ACCESS ROAD # 3"	0	0	78639	921532
M_78643_922163	"ACCESS ROAD # 2"	0	0	78643	922163
M_78646_921976	"ACCESS ROAD # 2"	15	0	78646	921976
M_78647_921578	"ACCESS ROAD # 3"	74	0	78647	921578
M_78649_922025	"ACCESS ROAD # 2"	16	0	78649	922025
M_78654_918753	"WINDSOR BUSH ROAD"	8	0	78654	918753
M_78660_922064	"ACCESS ROAD # 2"	17	0	78660	922064
M_78667_922093	"ACCESS ROAD # 2"	18	0	78667	922093
M_78677_921607	"ACCESS ROAD # 3"	73	0	78677	921607
M_78705_921951	"ACCESS ROAD # 3"	19	0	78705	921951
M_78709_921610	"ACCESS ROAD # 3"	72	0	78709	921610
M_78734_921611	"ACCESS ROAD # 3"	71	0	78734	921611
M_78762_921620	"ACCESS ROAD # 3"	70	0	78762	921620
M_78770_920994	"PLAINFIELD ROAD"	167	0	78770	920994
M_78786_922133	"ACCESS ROAD # 3"	25	0	78786	922133
M_78789_922030	"ACCESS ROAD # 3"	21	0	78789	922030
M_78790_921629	"ACCESS ROAD # 3"	69	0	78790	921629
M_78795_922089	"ACCESS ROAD # 3"	0	0	78795	922089
M_78797_921837	"ACCESS ROAD # 3"	0	0	78797	921837
M_78797_921913	"ACCESS ROAD # 3"	29	0	78797	921913
M_78799_922067	"ACCESS ROAD # 3"	0	0	78799	922067
M_78805_921882	"ACCESS ROAD # 3"	28	0	78805	921882
M_78809_922119	"ACCESS ROAD # 3"	23	0	78809	922119
M_78811_921651	"ACCESS ROAD # 3"	67	0	78811	921651
M_78811_921859	"ACCESS ROAD # 3"	27	0	78811	921859
M_78812_921626	"ACCESS ROAD # 3C"	68	0	78812	921626
M_78812_921926	"ACCESS ROAD # 3"	30	0	78812	921926
M_78813_922134	"ACCESS ROAD # 3"	24	0	78813	922134
M_78815_922202	"ROUTE 116"	26	0	78815	922202
M_78819_921611	"ACCESS ROAD # 3"	0	0	78819	921611
M_78822_921968	"ACCESS ROAD # 3"	31	0	78822	921968
M_78827_921913	"WINDSOR POND ROAD"	0	0	78827	921913
M_78835_920583	"PLAINFIELD ROAD"	0	0	78835	920583
M_78835_921678	"ACCESS ROAD # 3"	60	0	78835	921678
M_78835_922019	"ACCESS ROAD # 3"	32	0	78835	922019
M_78845_922050	"ACCESS ROAD # 4"	34	0	78845	922050
M_78853_921923	"ACCESS ROAD # 3"	0	0	78853	921923
M_78854_921688	"ACCESS ROAD # 3"	61	0	78854	921688
M_78855_922074	"ACCESS ROAD # 4"	35	0	78855	922074
M_78857_921622	"ACCESS ROAD # 3C"	66	0	78857	921622
M_78857_921962	"ACCESS ROAD # 3A"	40	0	78857	921962
M_78858_921644	"ACCESS ROAD # 3C"	65	0	78858	921644
M_78858_921667	"ACCESS ROAD # 3C"	63	0	78858	921667
M_78863_922016	"ACCESS ROAD # 3A"	41	0	78863	922016
M_78866_921712	"ACCESS ROAD # 3"	0	0	78866	921712
M_78868_921731	"ACCESS ROAD # 3"	0	0	78868	921731
M_78870_921752	"ACCESS ROAD # 3"	57	0	78870	921752
M_78879_921918	"ACCESS ROAD # 3B"	45	0	78879	921918
M_78885_922156	"ACCESS ROAD # 3"	44	0	78885	922156
M_78886_921702	"ACCESS ROAD # 3"	62	0	78886	921702
M_78886_922078	"ACCESS ROAD # 4"	42	0	78886	922078
M_78893_921970	"ACCESS ROAD # 4"	46	0	78893	921970
M_78903_922122	"ACCESS ROAD # 4"	43	0	78903	922122
M_78904_921697	"ACCESS ROAD # 3"	64	0	78904	921697
M_78913_922037	"ACCESS ROAD # 4"	47	0	78913	922037
M_78918_921745	"ACCESS ROAD # 3"	59	0	78918	921745
M_78918_922082	"ACCESS ROAD # 4"	48	0	78918	922082
M_78930_921957	"ACCESS ROAD # 3B"	49	0	78930	921957
M_78945_922049	"ACCESS ROAD # 4"	50	0	78945	922049
M_78979_921708	"ACCESS ROAD # 3"	0	0	78979	921708
M_78981_921969	"ACCESS ROAD # 3B"	52	0	78981	921969
M_79002_922108	"ACCESS ROAD # 4"	51	0	79002	922108
M_79003_921976	"ACCESS ROAD # 3B"	53	0	79003	921976
M_79032_921979	"ACCESS ROAD # 5"	54	0	79032	921979
M_79055_921820	"SHORE ROAD"	0	0	79055	921820
M_79062_921983	"ACCESS ROAD # 3"	0	0	79062	921983
M_79064_922134	"ACCESS ROAD # 5"	55	0	79064	922134
M_79100_921986	"ACCESS ROAD # 5"	56	0	79100	921986
M_79159_921141	"OFF WEST ST. PLAINFI"	0	0	79159	921141
M_79186_922082	"ROUTE 116"	0	0	79186	922082
M_79188_921511	"OFF WEST ST. PLAINFI"	0	0	79188	921511
